FID,OBJECTID,Intersecti,All_Motori,F__Truck,Pedestrian,Bicycles_N,Data_Colle
1,1,210 W OF MERIVALE RD @ WEST HUNT CLUB RD,"29,564.00",4.00%,59,9,2018-Feb-07
2,2,225 W OF LIMEBANK RD @ SPRATT RD,"9,662.00",2.59%,57,0,2018-Nov-21
3,3,250 N OF KLONDIKE RD @ MARCH RD,"20,551.00",2.15%,24,0,2018-Jan-25
4,4,40 OF SMIRLE AVE @ SCOTT ST,"12,330.00",19.19%,598,65,2018-Apr-04
5,5,400 E OF TRAINYARDS DR @ INDUSTRIAL AVE,"25,968.00",3.96%,262,20,2018-Apr-26
6,6,472 E OF CHESTNUT ST/UOTTAWA @ LEES AVE,"6,736.00",13.26%,630,34,2018-Feb-22
7,7,55 S OF RIDEAU ST @ COLONEL BY DR,"16,311.00",1.52%,21,164,2018-Mar-28
8,8,ABBOTT ST @ STITTSVILLE MAIN ST,"20,352.00",3.95%,108,5,2018-Dec-05
9,9,ACCEPTANCE PL @ HOPE SIDE RD,"9,099.00",3.71%,24,2,2018-Apr-25
10,10,ACTON ST @ KNOX CRES,566,2.02%,73,3,2018-Nov-14
11,11,ADIRONDACK DR @ IRIS ST,"6,175.00",2.57%,171,125,2018-Jul-05
12,12,ADIRONDACK DR @ WOODROFFE AVE,"43,716.00",2.17%,14,4,2018-Dec-19
13,13,AIRPORT PKWY/WALKLEY RD NB OFF RAMP @ WALKLEY RD,"19,943.00",2.39%,341,7,2018-Feb-22
14,14,AKERSON RD @ MICHAEL COWPLAND DR,"5,253.00",4.12%,214,58,2018-Jun-07
15,15,ALBION RD @ FINDLAY CREEK DR,"16,563.00",4.84%,10,33,2018-Jun-19
16,16,ALBION RD @ HUNT CLUB RD,"33,550.00",4.87%,174,5,2018-Apr-05
17,17,ALBION RD @ JOHNSTON RD,"10,687.00",3.59%,110,9,2018-Apr-18
18,18,ALBION RD @ MITCH OWENS RD,"16,489.00",7.06%,1,0,2018-Mar-08
19,19,ALBION RD @ QUINN RD/FENTON RD,"15,893.00",5.60%,18,30,2018-Jun-19
20,20,ALBION RD @ WYLDEWOOD ST,"8,512.00",3.70%,72,12,2018-Oct-23
21,21,ALON ST @ JOHNWOODS ST,"2,827.00",4.29%,36,8,2018-Apr-26
22,22,ALON ST @ MAPLE GROVE RD,677,3.15%,7,0,2018-Apr-04
23,23,ALPINE AVE @ CARLING AVE,"39,819.00",1.71%,697,6,2018-Jan-17
24,24,ALTA VISTA DR @ BILLINGS AVE,"19,328.00",2.42%,95,30,2018-Dec-04
25,25,ALTA VISTA DR @ EDGE HILL PL,"14,343.00",1.62%,498,8,2018-Dec-04
26,26,ALTA VISTA DR @ KILBORN AVE,"26,803.00",2.67%,380,27,2018-Dec-04
27,27,ALTA VISTA DR @ RANDALL AVE,"14,787.00",2.70%,319,20,2018-Nov-20
28,28,ALTA VISTA DR @ RIDGEMONT AVE,"14,927.00",1.78%,205,9,2018-Dec-04
29,29,ALTA VISTA DR @ SMYTH RD,"43,449.00",2.93%,421,52,2018-Feb-14
30,30,AMBERWOOD CRES @ PRINCE OF WALES DR,"24,109.00",2.66%,2,62,2018-Jun-13
31,31,ANALDEA DR/ WHITE ALDER AVE @ BANK ST,"20,683.00",5.17%,83,0,2018-Feb-21
32,32,ANDERSON RD @ LEITRIM RD,"8,635.00",5.35%,3,3,2018-Jul-04
33,33,ANDERSON RD @ RIDGE RD,"7,876.00",2.48%,0,2,2018-Jul-04
34,34,ANDERSON RD/WEIR RD @ RENAUD RD,"11,259.00",2.17%,1,3,2018-Jul-19
35,35,ANTOCHI LANE @ MANOTICK MAIN ST,"6,555.00",4.30%,20,2,2018-Nov-01
36,36,APPLE HILL DR @ CRYSTAL RIDGE PL,"1,630.00",3.02%,25,5,2018-Nov-15
37,37,APPLE ORCHARD RD @ STAGECOACH RD,"6,900.00",7.20%,2,22,2018-Jun-19
38,38,APPLEFORD ST @ CLOVERLAWN CRES,865,3.41%,116,2,2018-Nov-15
39,39,AQUAVIEW DR @ BRIAN COBURN BLVD,"12,118.00",2.95%,340,51,2018-May-16
40,40,ARROWWOOD DR @ BAYWOOD DR,"1,494.00",4.61%,182,9,2018-Nov-07
41,41,ASTER ST @ KILBORN AVE,"4,373.00",3.90%,70,16,2018-Apr-26
42,42,AVENUE K @ TREMBLAY RD,"6,767.00",5.67%,71,119,2018-Jul-17
43,43,AVENUE L @ TREMBLAY RD,"6,628.00",5.61%,76,106,2018-Jul-17
44,44,AVIATION PKWY @ MONTREAL RD,"48,207.00",2.73%,584,4,2018-Jan-25
45,45,AVIATION PKWY @ OGILVIE RD,"50,437.00",1.68%,153,7,2018-Jan-25
46,46,BANDELIER WAY @ OVERLAND DR,454,2.17%,6,18,2018-Jul-10
47,47,BANFF AVE @ WALKLEY RD,"21,882.00",3.59%,171,5,2018-Dec-12
48,48,BANK ST @ 80 S OF HUNT CLUB RD/TOWNGATE PLAZA,"27,299.00",2.38%,361,14,2018-Apr-05
49,49,BANK ST @ RIVERSIDE DR N,"39,952.00",2.98%,581,52,2018-Nov-20
50,50,BANK ST @ RIVERSIDE DR S,"43,737.00",2.90%,0,63,2018-Nov-20
51,51,BANK ST @ STRATHCONA AVE,"18,187.00",4.31%,0,42,2018-Dec-12
52,52,BANK ST @ WALKLEY RD,"51,579.00",2.64%,648,22,2018-Feb-22
53,53,BANK ST @ WELLINGTON ST,"20,770.00",11.43%,0,218,2018-Jul-24
54,54,BANKFIELD RD @ FIRST LINE RD,"11,045.00",9.41%,0,4,2018-Jun-19
55,55,BARLYN AVE @ HILLIARD AVE,623,1.05%,24,35,2018-Jul-18
56,56,BARNSDALE RD @ PRINCE OF WALES DR,"13,418.00",4.58%,4,15,2018-Jun-19
57,57,BARNSDALE RD @ RIDEAU VALLEY DR,"11,290.00",3.24%,5,39,2018-Jun-19
58,58,BARRETTE ST @ ST. CHARLES ST,"1,897.00",2.11%,372,17,2018-Jan-11
59,59,BASELINE RD @ 207 E OF CLYDE AVE,"41,183.00",2.13%,759,6,2018-Feb-14
60,60,BASELINE RD @ COLLEGE SQUARE SC,"35,292.00",1.63%,335,1,2018-Jan-24
61,61,BASELINE RD @ MERIVALE RD,"31,760.00",1.99%,143,13,2018-Jul-24
62,62,BASELINE RD @ SIOUX CRES,"23,659.00",2.83%,42,9,2018-Nov-06
63,63,BASSANO ST @ LOTTA AVE,"1,430.00",1.60%,40,25,2018-Aug-29
64,64,BATHGATE DR @ LEIGH CRES S,"6,290.00",2.71%,119,39,2018-Jul-11
65,65,BAYCREST DR @ SANDALWOOD DR,"4,823.00",7.37%,421,12,2018-Oct-24
66,66,BAYSHORE DR @ BAYSHORE CS,"8,636.00",3.18%,137,2,2018-Feb-28
67,67,BEARBROOK RD @ 43 OF CENTREPARK DR S,"8,332.00",2.30%,272,1,2018-Nov-28
68,68,BEARBROOK RD @ 60 S OF WESTPARK DR S,"7,240.00",3.26%,68,2,2018-Nov-28
69,69,BEARBROOK RD @ WESTPARK DR N,"8,630.00",2.91%,194,0,2018-Nov-28
70,70,BEARBROOK RD @ WESTPARK DR S,"6,618.00",2.70%,24,30,2018-Jul-05
71,71,BEARBROOK RD/ROCKCLIFFE PKWY @ ST. JOSEPH BLVD,"30,757.00",2.21%,3,2,2018-Feb-21
72,72,BEATRICE DR @ CALAVERAS AVE,"4,022.00",2.97%,449,80,2018-Jun-06
73,73,BEAUSEJOUR DR @ BOYER RD,"2,874.00",2.22%,50,1,2018-Dec-18
74,74,BEAUSEJOUR DR N @ ORLEANS BLVD,"15,725.00",2.63%,311,3,2018-Nov-28
75,75,BEECHWOOD AVE @ JOLLIET AVE,"12,614.00",3.20%,168,516,2018-Jul-04
76,76,BELCOURT BLVD @ ST. JOSEPH BLVD,"27,964.00",1.75%,417,6,2018-Dec-19
77,77,BELCOURT BLVD @ SUNVIEW DR,"4,881.00",2.42%,60,2,2018-Jan-31
78,78,BELFAST RD @ ST. LAURENT BLVD,"38,369.00",7.98%,136,13,2018-Feb-06
79,79,BEN ST @ COTE ST,"2,655.00",2.28%,129,26,2018-Apr-19
80,80,BENJAMIN AVE @ FAIRLAWN AVE,932,1.56%,74,9,2018-Mar-28
81,81,BERRIGAN DR @ TRANSITWAY SW,"9,266.00",6.30%,287,1,2018-Nov-28
82,82,BESSERER ST @ CUMBERLAND ST,"8,925.00",5.04%,0,103,2018-Mar-28
83,83,BESSERER ST @ DALHOUSIE ST,"12,513.00",4.89%,0,25,2018-Mar-28
84,84,BESSERER ST @ KING EDWARD AVE,"17,219.00",1.70%,0,10,2018-Nov-27
85,85,BEVERLY ST @ STITTSVILLE MAIN ST,"19,191.00",3.85%,202,3,2018-Mar-20
86,86,BEVERLY ST @ WEST RIDGE DR,"6,625.00",2.60%,23,29,2018-Jul-05
87,87,BILBERRY DR W @ JEANNE D'ARC BLVD,"10,844.00",3.27%,266,14,2018-Mar-20
88,88,BISSETT WAY @ CLEARBROOK DR,"3,037.00",3.67%,143,20,2018-Oct-10
89,89,BLACKBURN BYPASS @ NAVAN RD,"34,105.00",5.11%,0,21,2018-Jul-19
90,90,BLAIR PL @ OGILVIE RD,"21,891.00",3.54%,199,6,2018-Feb-21
91,91,BLAIR RD @ MONTREAL RD,"26,980.00",3.43%,75,12,2018-Nov-15
92,92,BLAZER AVE @ PRINCE OF WALES DR,"24,403.00",2.63%,11,48,2018-Jun-13
93,93,BLOHM DR @ HUNT CLUB RD,"37,158.00",6.05%,1,1,2018-Dec-11
94,94,BOTTRIELL WAY @ MERKLEY DR,"7,035.00",2.00%,270,115,2018-Jul-24
95,95,BOUNDARY RD @ MITCH OWENS RD,"10,910.00",12.39%,0,1,2018-Jul-11
96,96,BOUNDARY RD @ PARKWAY RD,"5,743.00",4.62%,0,0,2018-Nov-15
97,97,BOUNDARY RD @ RUSSELL RD E,"8,673.00",7.88%,25,9,2018-May-16
98,98,BRADWELL WAY @ KELLY FARM DR,"1,460.00",13.02%,268,40,2018-Oct-10
99,99,BRADWELL WAY @ KELLY FARM DR,"1,199.00",14.48%,57,24,2018-Jul-19
100,100,BRAE CRES @ TURTLEBACK WAY,598,1.37%,7,6,2018-Jul-25
101,101,BRANT ST @ DONALD ST,"9,563.00",2.64%,185,81,2018-Oct-04
102,102,BRANT ST @ MCARTHUR AVE,"12,846.00",3.02%,408,94,2018-Oct-04
103,103,BREEZEHILL AVE @ GLADSTONE AVE,"6,546.00",4.18%,334,544,2018-Jul-18
104,104,BRIAN COBURN BLVD @ ESPRIT DR,"11,783.00",3.69%,251,65,2018-May-16
105,105,BRIAN COBURN BLVD @ GERRY LALONDE DR,"15,614.00",2.28%,31,6,2018-Oct-17
106,106,BRIAN COBURN BLVD @ NAVAN RD,"15,295.00",6.42%,3,5,2018-Jul-19
107,107,BRIAN COBURN BLVD @ TENTH LINE RD,"28,317.00",3.39%,207,79,2018-Sep-19
108,108,BRIDGESTONE DR @ EAGLESON RD,"18,169.00",2.93%,39,16,2018-Jun-20
109,109,BRITANNIA RD @ PRISCILLA ST,"1,043.00",5.76%,39,0,2018-Jan-17
110,110,BRONSON AVE @ FIFTH AVE/MADAWASKA DR,"40,345.00",2.08%,606,8,2018-Jan-10
111,111,BUCKLAND RD @ ROCKDALE RD,"2,746.00",6.50%,4,0,2018-Jan-25
112,112,BURRIS LANE @ ELEANOR DR,"3,500.00",1.43%,84,4,2018-Jan-30
113,113,BYRON AVE @ ROOSEVELT AVE,"8,458.00",0.95%,732,384,2018-Jul-05
114,114,BYRON AVE @ TWEEDSMUIR AVE,"7,848.00",0.98%,339,471,2018-Jul-10
115,115,CALDWELL AVE @ MERIVALE RD,"30,329.00",3.19%,483,37,2018-Mar-21
116,116,CAMBRIAN RD @ KILBIRNIE DR/TUCANA WAY,"10,983.00",4.82%,405,37,2018-Oct-10
117,117,CAMBRIAN RD @ KILBIRNIE DR/TUCANA WAY,"10,190.00",3.67%,377,62,2018-Jun-19
118,118,CAMBRIAN RD @ REGATTA AVE,"8,984.00",6.37%,104,18,2018-Oct-10
119,119,CAMBRIDGE ST @ CARLING AVE,"19,391.00",2.99%,780,214,2018-May-17
120,120,CAMERON ST @ REGIONAL RD 174,"21,668.00",4.29%,6,2,2018-Feb-21
121,121,CANADIAN SHIELD AVE @ GREAT LAKES AVE,"1,786.00",4.77%,188,4,2018-May-15
122,122,CANADIAN SHIELD AVE @ MARITIME WAY,"1,936.00",9.57%,152,45,2018-May-15
123,123,CANBURY CRES E @ MEDHURST DR E,"1,840.00",1.69%,41,24,2018-Aug-14
124,124,CANFIELD RD @ KEPPLER CRES,"1,093.00",1.80%,28,41,2018-Jul-11
125,125,CANFIELD RD @ KEPPLER CRES,"1,688.00",3.11%,37,31,2018-Oct-10
126,126,CARLETON CATHCART ST @ STITTSVILLE MAIN ST,"12,142.00",5.04%,83,2,2018-Mar-20
127,127,CARLING AVE @ 640 W OF RANGE RD/D.N.D. ENTRANC,"23,162.00",1.19%,4,30,2018-Mar-28
128,128,CARLING AVE @ 73 E OF ARCHIBALD ST/WESTGATE SC,"29,218.00",2.69%,542,7,2018-Jan-31
129,129,CARLING AVE @ BEDALE DR,"19,371.00",0.72%,63,12,2018-Feb-28
130,130,CARLING AVE @ CARLING RMP 56,"26,075.00",2.10%,110,41,2018-May-29
131,131,CARLING AVE @ IRVING PL/MAPLE DR,"22,592.00",4.57%,641,35,2018-Mar-21
132,132,CARLING AVE @ ISLAND PARK DR,"29,851.00",2.72%,380,59,2018-Mar-21
133,133,CARLING AVE @ KIRKWOOD AVE N,"42,622.00",2.80%,483,24,2018-Apr-05
134,134,CARLING AVE @ KIRKWOOD AVE N,"40,742.00",2.94%,526,26,2018-Apr-10
135,135,CARLING AVE @ KIRKWOOD AVE S,"41,144.00",2.82%,366,10,2018-Apr-05
136,136,CARLING AVE @ KIRKWOOD AVE S,"39,364.00",3.16%,393,26,2018-Apr-10
137,137,CARLING AVE @ MELROSE AVE,"25,767.00",3.74%,632,122,2018-May-17
138,138,CARLING AVE @ MERIVALE RD,"38,293.00",2.51%,746,27,2018-Apr-05
139,139,CARLING AVE @ OTTAWA RIVER PKWY WB,"19,311.00",2.23%,638,47,2018-May-29
140,140,CARLING AVE @ PINECREST  RD/GREENVIEW AVE,"33,844.00",1.84%,258,14,2018-Nov-01
141,141,CARLING AVE @ RIFLE RD,"20,706.00",1.13%,3,111,2018-Jun-21
142,142,CARLING AVE @ SUNNY BRAE AVE,"19,088.00",1.79%,37,113,2018-May-17
143,143,CARLING AVE @ WESTGATE SC E,"30,564.00",3.03%,454,13,2018-Mar-21
144,144,CARLING AVE EB @ SAIGON CRT,"17,454.00",2.20%,45,8,2018-Apr-05
145,145,CARLING AVE WB @ SAIGON CRT,"17,026.00",2.36%,108,33,2018-Jul-05
146,146,CARLING AVE WB @ SAIGON CRT,"17,404.00",2.59%,102,11,2018-Apr-05
147,147,CARP RD @ LLOYDALEX CRES,"20,851.00",4.58%,12,9,2018-Aug-14
148,148,CARP RD @ MARCH RD,"11,051.00",6.31%,0,3,2018-Mar-20
149,149,CARP RD @ THOMAS A. DOLAN PKWY,"2,657.00",5.80%,2,11,2018-Jun-20
150,150,CARRIERE ST @ ORLEANS BLVD,"18,224.00",2.46%,117,1,2018-Dec-19
151,151,CARRUTHERS AVE @ WELLINGTON ST,"8,076.00",4.06%,0,61,2018-Feb-22
152,152,CASTLEFRANK RD @ MCCURDY DR S/TAMBLYN CRES,"11,744.00",2.50%,177,11,2018-Apr-11
153,153,CASTLEFRANK RD @ TERRY FOX DR,"25,062.00",4.69%,34,4,2018-Nov-27
154,154,CAVENDISH RD @ MOUNTBATTEN AVE,"1,761.00",3.31%,131,11,2018-Feb-28
155,155,CAVENDISH RD @ PLEASANT PARK RD,"5,552.00",2.07%,170,17,2018-Feb-13
156,156,CEDARVIEW RD @ JOCKVALE RD,"11,134.00",2.49%,7,27,2018-Jun-19
157,157,CELTIC RIDGE CRES/STREAMSIDE CRES @ MARCONI AV,"2,447.00",4.09%,221,55,2018-May-15
158,158,CHAMPAGNE AVE @ HICKORY ST,"2,065.00",8.33%,585,157,2018-May-02
159,159,CHAMPLAIN ST @ PLACE D'ORLEANS  SC E/PLACE D'O,"17,816.00",4.97%,194,1,2018-Feb-21
160,160,CHAPEL CRES @ WIGGINS PRIV S,"1,532.00",13.80%,197,66,2018-Jul-04
161,161,CHAPMAN MILLS DR @ LEAMINGTON WAY/MANCINI WAY,"4,827.00",3.36%,141,4,2018-Nov-21
162,162,CHAPMAN MILLS DR @ LONGFIELDS DR,"14,455.00",3.56%,263,94,2018-Jun-19
163,163,CHAPMAN MILLS DR/TRANSITWAY SOUTHWEST @ WOODROFFE AVE,"7,732.00",6.19%,331,0,2018-Nov-21
164,164,CHARLEMAGNE BLVD @ GARDENWAY DR/BOTTRIELL WAY,"18,267.00",2.66%,136,4,2018-Dec-18
165,165,CHERRY DR @ BRIGADE AVE,"2,142.00",2.60%,36,9,2018-Oct-25
166,166,CITIPLACE DR @ COLONNADE RD,"7,526.00",4.70%,85,13,2018-Apr-10
167,167,CLARENDON AVE @ WELLINGTON ST,"9,896.00",4.69%,0,50,2018-Feb-22
168,168,CLARKE AVE @ ST. LAURENT BLVD,"21,976.00",4.16%,184,21,2018-Mar-27
169,169,CLAYMOR AVE @ MEADOWLANDS DR,"14,197.00",2.06%,431,10,2018-Feb-06
170,170,CLEARBROOK DR/MARKETPLACE AVE @ LONGFIELDS DR,"18,131.00",3.15%,246,5,2018-Nov-21
171,171,CLEARVIEW AVE @ PATRICIA AVE,"1,156.00",10.23%,128,12,2018-Jan-30
172,172,CLEGG ST @ COLONEL BY DR,"18,699.00",0.42%,98,30,2018-Dec-12
173,173,CLYDE AVE @ LAPERRIERE AVE,"20,044.00",3.45%,128,41,2018-Dec-18
174,174,COBDEN RD @ TORQUAY AVE,"5,225.00",1.99%,81,0,2018-Dec-04
175,175,COLDREY AVE @ KIRKWOOD AVE,"16,624.00",2.97%,227,19,2018-Apr-05
176,176,COLDREY AVE @ KIRKWOOD AVE,"16,708.00",3.53%,253,23,2018-Apr-10
177,177,COLONEL BY DR @ HAWTHORNE AVE/PRETORIA BRIDGE,"28,947.00",1.85%,0,59,2018-Jan-10
178,178,COLONNADE RD @ COLONNADE RD E,"13,286.00",5.69%,7,12,2018-Apr-10
179,179,COLONNADE RD @ COLONNADE RD W,"13,526.00",5.38%,113,27,2018-Apr-10
180,180,COLONNADE RD @ MERIVALE RD,"39,693.00",3.86%,95,4,2018-Feb-07
181,181,COLONNADE RD @ PRINCE OF WALES DR,"37,138.00",3.31%,4,45,2018-Apr-10
182,182,CONROY RD @ DAVIDSON RD N,"13,897.00",6.06%,2,8,2018-May-24
183,183,CONROY RD @ HUNT CLUB RD,"54,277.00",4.82%,23,11,2018-Dec-11
184,184,CONROY RD @ QUEENSDALE AVE,"13,248.00",6.07%,4,8,2018-May-24
185,185,CONROY RD @ WALKLEY RD,"40,895.00",3.68%,198,4,2018-Feb-22
186,186,CONROY RD S @ DAVIDSON RD,"13,422.00",5.93%,0,7,2018-May-24
187,187,CONSTELLATION CRES @ BASELINE RD,"36,087.00",1.87%,257,7,2018-Feb-14
188,188,COOPER ST @ KENT ST,"14,269.00",2.53%,0,272,2018-Jun-21
189,189,COPE DR @ TERRY FOX,"21,576.00",4.07%,24,4,2018-Jan-25
190,190,CORIOLIS CRT/GALLANTRY WAY @ HUNTMAR DR,"14,160.00",2.37%,90,0,2018-Jan-17
191,191,CORKSTOWN RD @ MARCH RD,"42,899.00",1.78%,0,38,2018-Jul-19
192,192,CRAIGHALL CIRC @ RIALTO WAY,693,1.18%,8,9,2018-Jul-04
193,193,CRESTWAY DR @ LEIKIN DR,"8,985.00",2.70%,429,116,2018-Jun-19
194,194,CRESTWAY DR @ PRINCE OF WALES DR,"19,991.00",2.73%,12,2,2018-Nov-21
195,195,CROSSKEYS PL/HELENE CAMPBELL RD @ STRANDHERD DR,"29,059.00",4.41%,82,36,2018-May-30
196,196,CROSSKEYS PL/HELENE CAMPBELL RD @ STRANDHERD DR,"36,207.00",0.82%,158,34,2018-Jun-02
197,197,CROWNRIDGE DR @ GRASSY PLAINS DR,"4,998.00",4.52%,116,0,2018-Nov-20
198,198,CROWNRIDGE DR @ RIVERTREE ST,"1,160.00",1.13%,56,9,2018-Jul-05
199,199,CUMBERLAND ST @ GEORGE ST,"8,927.00",4.28%,0,108,2018-Mar-28
200,200,CUMBERLAND ST @ LAURIER AVE,"13,349.00",7.76%,0,57,2018-Mar-08
201,201,CUMBERLAND ST @ LAURIER AVE,"12,902.00",7.25%,0,84,2018-Nov-27
202,202,CUMBERLAND ST @ YORK ST,"8,421.00",4.18%,0,150,2018-Apr-26
203,203,CUMMINGS AVE @ DONALD ST,"12,186.00",2.89%,192,31,2018-Apr-11
204,204,CUMMINGS AVE @ MONTREAL RD,"34,883.00",3.06%,506,64,2018-Mar-27
205,205,CUMMINGS AVE @ OGILVIE RD,"33,543.00",2.31%,412,104,2018-Apr-11
206,206,CUMMINGS AVE/LABELLE ST @ CYRVILLE RD,"16,883.00",3.36%,360,29,2018-Apr-11
207,207,CYRVILLE RD @ MEADOWBROOK RD,"15,381.00",2.51%,100,25,2018-Apr-26
208,208,CYRVILLE RD @ OGILVIE RD,"30,688.00",2.65%,397,73,2018-Apr-11
209,209,CYRVILLE RD @ ST. LAURENT BLVD,"35,322.00",4.82%,802,13,2018-Dec-12
210,210,CYRVILLE RD @ STAR TOP RD,"19,107.00",3.59%,15,16,2018-Dec-12
211,211,DALY AVE @ FRIEL ST,"2,494.00",1.64%,0,91,2018-Nov-07
212,212,DALY AVE @ NELSON ST,"1,525.00",1.94%,0,128,2018-Nov-07
213,213,DALY AVE @ NICHOLAS ST,"15,838.00",3.68%,0,22,2018-Dec-12
214,214,DANNISTON CRES S @ WILDFLOWER DR S,"1,375.00",2.62%,36,5,2018-Nov-07
215,215,DAVIDSON RD @ HAWTHORNE RD,"15,874.00",13.31%,0,3,2018-Jul-04
216,216,DAZE ST @ 200 W OF BANK ST/SOUTHKEYS SC,"11,476.00",1.30%,123,6,2018-Apr-05
217,217,DEBRA AVE @ MEADOWLANDS DR,"13,900.00",2.17%,449,2,2018-Jan-25
218,218,DELORME AVE @ DES EPINETTES AVE,"1,180.00",5.94%,71,0,2018-Jan-09
219,219,DELORME AVE @ DES EPINETTES AVE,949,2.07%,58,11,2018-Jul-05
220,220,DELSON DR @ TRIM RD,882,5.19%,2,0,2018-Apr-18
221,221,DES EPINETTES AVE @ PRESTWICK DR,"10,560.00",2.64%,286,79,2018-May-16
222,222,DESCHAMPS AVE @ VANIER PKWY,"32,223.00",1.60%,152,17,2018-Mar-21
223,223,DO NOT PIN @ TERRY FOX DR,"20,347.00",3.14%,5,6,2018-Mar-20
224,224,DOMALATCHY PL @ WOODROFFE AVE,"43,004.00",2.15%,17,0,2018-Dec-19
225,225,DONALD B. MUNRO DR/OLD CARP RD W @ MARCH RD,"8,548.00",5.29%,1,36,2018-Jun-20
226,226,DONALD ST @ ELAINE DR,"9,527.00",2.72%,587,48,2018-Apr-11
227,227,DONALD ST @ EVE ST,"8,524.00",2.86%,171,51,2018-Mar-27
228,228,DONALD ST @ NORTH RIVER RD,"5,072.00",3.49%,944,396,2018-Oct-04
229,229,DONALD ST @ QUILL ST,"7,669.00",2.68%,225,34,2018-Mar-21
230,230,DONALD ST @ TELFORD AVE,"9,391.00",2.23%,491,54,2018-Apr-19
231,231,DONALD ST @ VANIER PKWY,"47,453.00",1.77%,314,65,2018-Apr-19
232,232,DOWNPATRICK RD @ UPLANDS DR,"8,105.00",7.58%,12,54,2018-May-24
233,233,DRIVEWAY (THE) @ PRINCE OF WALES DR,"23,600.00",2.06%,15,345,2018-May-01
234,234,DUFFERIN RD @ LISGAR RD/RIDEAU TER,"2,977.00",1.83%,95,43,2018-Mar-27
235,235,DUFORD DR @ JAMISON AVE,"2,296.00",4.14%,56,1,2018-Nov-14
236,236,DUNNING RD @ WILHAVEN DR,"3,929.00",5.01%,0,0,2018-Jul-25
237,237,DUTCHMANS WAY / SONG SPARROW ST @ RIVER MIST RD,"3,426.00",5.17%,319,38,2018-Oct-10
238,238,EAGLESON RD @ 146 N OF ABBEYHILL DR/HAZELDEAN,"36,177.00",2.70%,19,3,2018-Dec-05
239,239,EAGLESON RD @ 240 N OF CADENCE GT/LOBLAWS SC,"21,111.00",1.89%,51,0,2018-Jan-31
240,240,EAGLESON RD @ EMERALD MEADOWS DR,"11,944.00",3.76%,42,11,2018-Jun-20
241,241,EAGLESON RD @ FLEWELLYN RD,"15,446.00",4.87%,0,17,2018-Jun-20
242,242,EAGLESON RD @ KAKULU RD,"33,615.00",2.03%,21,0,2018-Feb-28
243,243,EAGLESON RD @ PERTH ST/RICHMOND RD,"13,794.00",4.63%,0,3,2018-Nov-21
244,244,EARL GREY DR @ 175 S OF KANATA AVE/WALMART SC,"5,633.00",2.30%,44,0,2018-Nov-28
245,245,EDGAR BRAULT ST @ ST. JOSEPH BLVD,"24,133.00",1.74%,165,2,2018-Dec-05
246,246,"EGLISE, RUE DE L @ COTE ST","3,807.00",2.24%,281,92,2018-Oct-16
247,247,EGRET WAY @ GREENBANK RD,"8,558.00",2.64%,51,33,2018-Jun-06
248,248,ELGIN ST @ FRANK ST,"15,731.00",3.43%,0,32,2018-Jan-25
249,249,ELGIN ST @ PARK AVE,"16,312.00",2.00%,490,31,2018-Jan-25
250,250,ELGIN ST @ WELLINGTON ST W,"22,256.00",11.65%,0,186,2018-Jul-24
251,251,ELMSMERE RD @ MONTREAL RD,"19,924.00",3.45%,100,4,2018-Nov-15
252,252,ELWOOD ST @ MONTREAL RD,"20,485.00",3.63%,168,8,2018-Nov-15
253,253,ERINDALE DR @ BASELINE RD,"30,446.00",2.32%,46,42,2018-Jul-24
254,254,EVANS BLVD @ EVANS PL,670,1.47%,40,0,2018-Nov-14
255,255,EVANS BLVD @ RENFIELD RD,772,1.27%,25,0,2018-Nov-14
256,256,FAIRMONT AVE @ WELLINGTON ST,"8,099.00",3.91%,0,82,2018-Feb-22
257,257,FALLOWFIELD RD @ 482 E OF HOLITMAN DR/BARRHAVE,"23,335.00",2.91%,24,3,2018-Nov-28
258,258,FALLOWFIELD RD @ GREENBANK RD,"46,170.00",2.23%,5,0,2018-Jan-16
259,259,FALLOWFIELD RD @ O'KEEFE CRT,"12,310.00",4.78%,16,18,2018-Jun-05
260,260,FALLOWFIELD RD @ RICHMOND RD,"18,768.00",6.21%,0,11,2018-Nov-21
261,261,FALLOWFIELD RD @ STRANDHERD DR,"36,211.00",4.50%,2,0,2018-Mar-08
262,262,FAUBERT ST @ OLD MONTREAL RD,"3,799.00",5.13%,5,0,2018-Nov-20
263,263,FAUBERT ST @ REGIONAL RD 174,"17,833.00",4.16%,0,0,2018-Nov-14
264,264,FELICITY CRES @ JOSHUA ST,"1,129.00",20.93%,44,3,2018-Apr-05
265,265,FERN CASEY ST @ RENAUD RD,"5,450.00",3.37%,15,9,2018-May-16
266,266,FERN CASEY ST @ RENAUD RD,"5,424.00",3.73%,17,0,2018-Mar-08
267,267,FERNBANK RD @ ROBERT GRANT AVE,"11,131.00",4.74%,1,7,2018-Aug-30
268,268,FERNBANK RD @ ROBERT GRANT AVE,"12,517.00",4.61%,5,8,2018-Jun-07
269,269,FERNBANK RD @ ROMINA ST,"9,738.00",3.65%,90,26,2018-Jun-20
270,270,FISHER AVE @ MALIBU TER,"15,792.00",3.67%,131,169,2018-Jun-22
271,271,FISHER AVE @ MALIBU TER,"19,798.00",3.46%,164,79,2018-Oct-23
272,272,FISHER AVE @ MEADOWLANDS DR,"29,988.00",2.73%,404,2,2018-Jan-24
273,273,FISHER AVE @ SHILLINGTON AVE,"19,809.00",2.61%,211,37,2018-Mar-21
274,274,FLEWELLYN RD @ SHEA RD,"6,746.00",8.50%,1,22,2018-Jun-20
275,275,FLORA ST @ KENT ST,"16,008.00",2.30%,932,179,2018-Jun-21
276,276,FORTUNE ST @ MARTIN ST,"1,359.00",9.06%,25,2,2018-Dec-04
277,277,FOURTH LINE RD @ ROGER STEVENS DR,"8,412.00",6.31%,14,1,2018-Nov-21
278,278,FOWLER ST/NIXON FARM DR @ PERTH ST,"9,622.00",4.77%,50,2,2018-Nov-21
279,279,FRANK KENNY RD/TED KELLY LANE @ OLD MONTREAL R,"5,659.00",1.94%,9,43,2018-Jul-11
280,280,FRANK NIGHBOR PL @ SILVER SEVEN RD,"5,465.00",2.20%,4,0,2018-Jan-17
281,281,FRANK NIGHBOR PL @ SILVER SEVEN RD,"6,323.00",2.18%,14,6,2018-Jul-17
282,282,FRASER FIELDS WAY @ STRANDHERD DR,"23,948.00",0.44%,0,0,2018-Jan-20
283,283,FRASER FIELDS WAY @ STRANDHERD DR,"19,224.00",3.80%,2,1,2018-Jan-18
284,284,GALETTA SIDE RD @ UPPER DWYER HILL RD,"4,164.00",6.54%,0,0,2018-Dec-11
285,285,GARDENWAY DR @ PORTOBELLO BLVD,"7,273.00",1.96%,41,28,2018-Jul-24
286,286,GEORGE ST @ 26 W OF BYWARD MARKET/FREIMAN MALL,"5,355.00",3.77%,0,45,2018-Mar-28
287,287,GEORGE ST @ WILLIAM ST,"6,816.00",3.05%,0,24,2018-Dec-12
288,288,GLADSTONE AVE @ ROSEMOUNT AVE,"7,089.00",3.98%,0,368,2018-Sep-19
289,289,GOLDRIDGE DR @ INSMILL CRES,"1,301.00",7.43%,65,24,2018-Jul-19
290,290,GRASSY PLAINS DR @ MEADOWBREEZE DR E,"5,066.00",4.24%,205,0,2018-Nov-20
291,291,GREAT LAKES AVE @ MARITIME WAY,"4,770.00",2.48%,93,1,2018-Dec-04
292,292,GREAT LAKES AVE @ MARITIME WAY,"3,523.00",2.74%,201,35,2018-May-15
293,293,GREEN VALLEY CRES @ PRINCE OF WALES DR,"24,340.00",2.00%,29,32,2018-Mar-21
294,294,GREENBANK RD @ HALF MOON BAY,"11,672.00",2.60%,187,65,2018-Jun-19
295,295,GREENBANK RD @ KILBIRNIE DR,"7,057.00",2.25%,37,37,2018-Aug-09
296,296,GREENBANK RD @ MEADOWBANK DR,"27,081.00",2.18%,53,22,2018-Jul-10
297,297,HAIG DR @ SMYTH RD,"21,043.00",3.70%,320,7,2018-Feb-13
298,298,HARDING RD @ WALKLEY RD,"47,249.00",4.48%,140,3,2018-Dec-11
299,299,HARMER AVE @ WELLINGTON ST,"9,847.00",4.73%,0,57,2018-Feb-22
300,300,HARRIS PL @ ROWLEY AVE,"1,051.00",4.68%,55,32,2018-Jul-05
301,301,HARVEST VALLEY AVE/SWEETVALLEY DR @ TENTH LINE RD,"11,986.00",3.19%,46,0,2018-Apr-19
302,302,HAWTHORNE RD @ HUNT CLUB RD,"41,419.00",10.35%,19,0,2018-Jul-24
303,303,HAWTHORNE RD @ RIDEAU RD,"8,876.00",27.12%,0,2,2018-Jun-19
304,304,HAWTHORNE RD/RUSSELL RD @ WALKLEY RD,"43,834.00",9.93%,105,7,2018-Feb-22
305,305,HAZELDEAN RD @ EDGEWATER ST,"24,764.00",3.44%,154,3,2018-Nov-27
306,306,HEMLOCK PRIV @ AVIATION PKWY,"2,482.00",1.47%,0,3,2018-Nov-20
307,307,HEMLOCK RD @ ST. LAURENT BLVD,"18,032.00",3.29%,376,35,2018-Mar-21
308,308,HERON RD @ ALTA VISTA DR,"51,717.00",3.17%,697,10,2018-Dec-04
309,309,HERON RD @ WALKLEY RD,"34,235.00",3.92%,30,4,2018-Feb-22
310,310,HILLIARD AVE @ MILLBROOK CRES,694,2.36%,17,51,2018-Jul-18
311,311,HINCKS LANE @ RIVERSIDE DR,"41,954.00",2.52%,14,5,2018-Feb-14
312,312,HOLLAND AVE @ 95 N OF SHERWOOD DR/FISHER PARK,"12,375.00",4.85%,335,26,2018-Apr-04
313,313,HUNT CLUB RD @ PAUL ANKA DR,"32,549.00",4.95%,53,7,2018-Apr-05
314,314,HUNTLEY RD @ PERTH ST,"19,867.00",4.54%,40,4,2018-Dec-04
315,315,HUNTSVILLE DR @ INGERSOLL CRES,"1,811.00",6.53%,33,0,2018-Jan-17
316,316,HURON AVE @ SPENCER ST,"2,507.00",2.09%,358,210,2018-Jul-05
317,317,HWY 416 ACRES IC75R24 @ HOLLY ACRES RD,"18,617.00",3.48%,34,294,2018-May-23
318,318,HWY 417 INNES IC112R57 @ INNES RD,"41,032.00",6.36%,0,2,2018-Feb-06
319,319,HWY 417 MAITLAND IC126R25 @ MAITLAND AVE,"37,486.00",1.82%,14,1,2018-Jan-24
320,320,INDUSTRIAL AVE @ NEIGHBORHOOD WAY,"21,229.00",4.38%,19,24,2018-Jul-05
321,321,INNES RD @ 298 E OF WILDFLOWER DR/LOBLAWS SC,"58,689.00",1.92%,98,2,2018-Dec-18
322,322,INNES RD @ BEARBROOK RD/GLEN PARK DR E,"17,377.00",3.46%,582,2,2018-Dec-05
323,323,INNES RD @ ORIENT PARK DR,"12,311.00",4.17%,409,2,2018-Dec-19
324,324,INNES RD @ SOUTHPARK DR,"10,113.00",4.80%,122,1,2018-Nov-28
325,325,INNES RD @ STONEHENGE CRES E,"69,501.00",3.94%,96,3,2018-Dec-11
326,326,INNES RD @ STONEHENGE CRES W,"70,405.00",4.08%,167,4,2018-Dec-11
327,327,INNES RD @ TRIM RD,"32,149.00",4.59%,324,0,2018-Dec-18
328,328,INNES RD @ WILDFLOWER DR,"37,263.00",2.70%,211,20,2018-Apr-19
329,329,INVERNESS AVE @ MEADOWLANDS DR,"14,732.00",2.86%,208,2,2018-Jan-24
330,330,IONA ST @ ISLAND PARK DR,"15,476.00",0.58%,230,26,2018-Apr-04
331,331,IRIS ST @ PARKWAY DR,"6,036.00",2.80%,144,106,2018-Aug-29
332,332,JAMIE AVE @ SUNDERLAND ST,"7,265.00",7.08%,56,9,2018-Nov-07
333,333,JEANNE D'ARC BLVD @ HARLEQUIN CRES W/BURNT EMB,"2,872.00",4.74%,34,20,2018-Jul-24
334,334,JOCKVALE RD @ EXETER DR/TARTAN DR,"13,375.00",1.25%,156,75,2018-Aug-09
335,335,JOCKVALE RD @ LAMING ST/WEYBRIDGE DR W,"8,778.00",3.22%,124,1,2018-Jan-16
336,336,JOCKVALE RD @ STRANDHERD DR,"30,248.00",2.82%,187,1,2018-Jan-18
337,337,JOCKVALE RD @ STRANDHERD DR,"37,853.00",0.36%,248,0,2018-Jan-20
338,338,JOCKVALE RD/RIDEAU VALLEY DR @ PRINCE OF WALES,"26,873.00",3.05%,0,0,2018-Nov-21
339,339,JOHNSTON RD @ TAPIOLA CRES W,"8,934.00",2.24%,34,4,2018-Apr-05
340,340,JOLLIET AVE @ STE. MONIQUE ST,886,3.08%,118,6,2018-Jan-11
341,341,KAKULU RD @ CASTLEFRANK RD,"13,010.00",2.25%,253,11,2018-Apr-11
342,342,KANATA AVE @ EARL GREY DR,"13,727.00",3.03%,25,0,2018-Nov-28
343,343,KANATA AVE @ GOLDRIDGE DR/EVANSHEN PL,"12,042.00",2.86%,202,33,2018-May-15
344,344,KANATA AVE @ HWY 417 CASTLEFR IC139R15,"18,538.00",4.13%,18,0,2018-Nov-27
345,345,KANATA AVE @ TERRY FOX DR,"23,862.00",2.96%,12,12,2018-Apr-11
346,346,KANATA AVE @ TERRY FOX DR,"20,265.00",3.47%,9,2,2018-Jan-31
347,347,KANATA AVE/CASTLEFRANK RD @ AIRD PL,"15,593.00",4.25%,269,18,2018-Apr-11
348,348,KANATA RD @ LORD BYNG WAY/MARITIME WAY,"18,109.00",5.79%,114,5,2018-Mar-20
349,349,KATIMAVIK RD @ CHIMO DR E/HEARST WAY,"8,562.00",4.04%,38,0,2018-Feb-06
350,350,KATIMAVIK RD @ CHIMO DR E/HEARST WAY,"7,832.00",3.45%,50,6,2018-Apr-11
351,351,KEDEY ST @ CROSSLAND DR,224,0.89%,20,8,2018-Jul-28
352,352,KEDEY ST @ CROSSLAND DR,256,0.00%,18,24,2018-Jul-29
353,353,KEDEY ST @ CROSSLAND DR,156,0.00%,17,16,2018-Jul-27
354,354,KENINS CRES/LEVERTON RD @ WALDEN DR,"4,631.00",4.25%,182,64,2018-May-15
355,355,KENNEVALE DR @ STRANDHERD DR,"26,476.00",3.94%,7,0,2018-Jan-18
356,356,KENNEVALE DR @ STRANDHERD DR,"32,197.00",0.67%,12,0,2018-Jan-20
357,357,KENNEVALE DR @ WHEELER ST,"4,402.00",3.31%,472,57,2018-May-08
358,358,KENT ST @ MACLAREN ST,"15,196.00",2.49%,0,324,2018-Jun-21
359,359,KILBIRNIE DR @ RIVER MIST RD,"2,142.00",7.35%,182,13,2018-Oct-25
360,360,KIMPTON DR @ OVERLAND DR,728,7.21%,21,22,2018-Jul-10
361,361,KING EDWARD AVE @ ST. ANDREW ST,"45,048.00",7.29%,728,24,2018-Nov-27
362,362,KING EDWARD AVE @ STEWART ST,"16,227.00",2.00%,0,40,2018-Nov-27
363,363,KITCHENER AVE @ BANK ST,"35,744.00",2.59%,365,6,2018-Jan-30
364,364,KITTIWAKE DR W @ SIROCCO CRES,"1,600.00",7.96%,85,0,2018-Feb-14
365,365,KLONDIKE RD @ WEATHERSTON ST,"6,727.00",2.25%,72,1,2018-Jan-25
366,366,KNOXDALE RD @ WEST HUNT CLUB RD,"30,735.00",3.66%,0,2,2018-Feb-07
367,367,LAFONTAINE AVE @ RICHELIEU AVE,"4,079.00",1.29%,300,93,2018-Jul-04
368,368,LAKERIDGE DR @ LAKERIDGE DR N-1,"2,538.00",5.75%,154,2,2018-Oct-30
369,369,LAKERIDGE DR @ LAKERIDGE DR N-1,"1,897.00",4.84%,122,24,2018-May-16
370,370,LAMING ST @ LARKIN DR,"4,076.00",3.62%,100,38,2018-Jun-06
371,371,LANCASTER RD @ WALKLEY RD,"37,395.00",8.47%,21,5,2018-Feb-22
372,372,LANDRY ST @ LOYER ST,"1,152.00",3.70%,156,133,2018-Jul-04
373,373,LAURIER AVE @ NELSON ST,"9,304.00",3.50%,0,38,2018-Mar-08
374,374,LAVERGNE ST @ PERRIER AVE,"1,783.00",5.31%,42,24,2018-Sep-06
375,375,LAVERGNE ST @ STE. ANNE ST,"1,208.00",7.87%,54,34,2018-Aug-14
376,376,LAVERGNE ST @ STE. MONIQUE ST,559,6.45%,157,14,2018-Apr-26
377,377,LEGGET DR @ TERRY FOX DR,"12,968.00",2.24%,283,108,2018-May-15
378,378,LEIKIN DR @ MERIVALE RD,"10,493.00",3.97%,0,1,2018-Nov-21
379,379,LEMIEUX ST @ ST. LAURENT BLVD,"50,892.00",5.47%,496,1,2018-Mar-21
380,380,LENESTER AVE @ MELWOOD AVE,"2,614.00",2.09%,21,16,2018-Mar-28
381,381,LERNER WAY @ SINCLAIR ST,360,1.82%,31,3,2018-Jul-25
382,382,LESTER RD @ MEANDERING BROOK DR,"9,621.00",4.75%,0,0,2018-Jan-24
383,383,LEVIS AVE @ OLMSTEAD ST,"2,495.00",2.17%,254,93,2018-Jul-04
384,384,LOLA ST @ DONALD ST,"11,303.00",2.27%,441,35,2018-Mar-21
385,385,LONGWOOD AVE @ RIDGEFIELD CRES,"1,979.00",2.49%,55,3,2018-Nov-15
386,386,LORRY GREENBERG DR @ PIKE ST,"3,100.00",4.81%,68,20,2018-Jul-04
387,387,LYNDA LANE @ PLEASANT PARK RD,"7,373.00",2.82%,189,95,2018-Apr-26
388,388,MACKENZIE AVE @ 205 N OF RIDEAU ST,"14,585.00",5.29%,703,81,2018-Mar-28
389,389,MAIN ST @ TORONTO ST,"19,440.00",1.68%,56,677,2018-Jul-05
390,390,MANN AVE @ GOULBURN AVE/GOULBURN CRES,"3,589.00",2.42%,226,42,2018-Jul-04
391,391,MANN AVE @ RANGE RD,"2,230.00",3.60%,88,26,2018-Aug-09
392,392,MAPLE GROVE RD @ MONTSERRAT ST/WARMSTONE DR,"4,803.00",3.56%,79,0,2018-Jan-17
393,393,MAPLE GROVE RD @ MONTSERRAT ST/WARMSTONE DR,"4,979.00",6.12%,97,30,2018-Jun-07
394,394,MARAVISTA DR @ STRANDHERD DR,"27,318.00",3.87%,27,1,2018-Jan-18
395,395,MARAVISTA DR @ STRANDHERD DR,"33,625.00",0.78%,37,0,2018-Jan-20
396,396,MARCH RD @ 280 S OF CARLING AVE/GATEWAY MALL S,"41,427.00",2.22%,242,0,2018-Jan-25
397,397,MARCH RD @ SECOND LINE RD,"9,109.00",3.22%,0,0,2018-Jan-31
398,398,MARCH RD @ TERRY FOX DR,"40,719.00",1.75%,546,45,2018-Apr-11
399,399,MARCH VALLEY RD @ TERRY FOX DR,"11,038.00",1.26%,281,134,2018-May-15
400,400,MARIPOSA AVE @ SPRINGFIELD RD,"3,922.00",3.80%,428,69,2018-Oct-16
401,401,MARKETPLACE AVE @ RIOCAN AVE,"10,241.00",3.62%,811,53,2018-Jun-19
402,402,MARLBOROUGH AVE @ TEMPLETON ST,785,1.46%,122,16,2018-Jul-25
403,403,MARQUIS AVE W @ NASKAPI DR W,"1,853.00",3.34%,103,0,2018-Feb-14
404,404,MARTIN ST @ MCBEAN ST,"3,857.00",4.84%,98,0,2018-Nov-21
405,405,MAY ST @ COTE ST,"2,590.00",2.47%,124,60,2018-Oct-16
406,406,MCBEAN ST @ PERTH ST,"12,985.00",4.33%,63,3,2018-Nov-21
407,407,MCCOOEY LANE @ FISHER AVE,"19,109.00",2.62%,52,25,2018-Mar-21
408,408,MCCORDICK RD @ ROGER STEVENS DR,"5,795.00",6.42%,0,6,2018-May-29
409,409,MCKENNA CASEY DR @ STRANDHERD DR,"30,239.00",0.64%,0,1,2018-Jan-20
410,410,MCKENNA CASEY DR @ STRANDHERD DR,"25,617.00",4.39%,0,0,2018-Jan-18
411,411,MEADOWGLEN DR @ ORLEANS BLVD,"19,604.00",2.81%,138,1,2018-Dec-19
412,412,MEADOWLANDS DR @ MERIVALE RD,"49,544.00",2.37%,922,63,2018-Nov-01
413,413,MEADOWLANDS DR @ VIEWMOUNT DR,"16,171.00",2.96%,56,7,2018-Feb-21
414,414,MEANDERING BROOK DR E @ STEDMAN ST,"1,653.00",2.72%,26,0,2018-Dec-11
415,415,MERIVALE RD @ 110 S OF BURRIS LANE/LOBLAWS SC,"22,783.00",2.78%,524,7,2018-Feb-21
416,416,MERIVALE RD @ 112 N OF CARLING AVE/WESTGATE SC,"12,069.00",1.39%,139,19,2018-Mar-21
417,417,MERIVALE RD @ 210 S OF MEADOWLANDS DR,"33,366.00",2.68%,254,1,2018-Jan-24
418,418,MERIVALE RD @ CAPILANO DR/WITHROW AVE,"42,869.00",2.23%,289,14,2018-Feb-21
419,419,MERIVALE RD @ COLDREY AVE/CRERAR AVE,"16,820.00",2.12%,260,5,2018-Jan-31
420,420,MERIVALE RD @ COLDREY AVE/CRERAR AVE,"15,294.00",2.00%,328,17,2018-Apr-05
421,421,MERIVALE RD @ COLDREY AVE/CRERAR AVE,"15,176.00",2.14%,318,35,2018-Apr-10
422,422,MERIVALE RD @ FAMILY BROWN LANE,"35,020.00",2.68%,691,8,2018-Feb-21
423,423,MERIVALE RD @ MACFARLANE RD,"17,800.00",3.78%,4,34,2018-Jun-22
424,424,MERIVALE RD @ SHILLINGTON AVE,"16,942.00",1.93%,339,1,2018-Jan-31
425,425,MERIVALE RD @ SLACK RD,"26,862.00",4.51%,97,12,2018-Nov-01
426,426,MERIVALE RD @ SUMMERVILLE AVE,"27,685.00",2.83%,392,3,2018-Jan-31
427,427,MICHAEL COWPLAND DR @ TERENCE MATTHEWS CRES E,"10,802.00",2.75%,239,46,2018-Jun-20
428,428,MILTON RD @ NAVAN RD,"10,623.00",9.97%,0,1,2018-May-16
429,429,MIRAMICHI ST @ WOODROFFE AVE,"42,999.00",2.16%,13,0,2018-Dec-19
430,430,MITCH OWENS RD @ SPRATT RD,"13,609.00",7.59%,2,11,2018-Jul-19
431,431,MONTREAL RD @ BATHGATE DR/BURMA RD,"28,566.00",2.75%,419,3,2018-Nov-14
432,432,MONTREAL RD @ BETHAMY LANE/FOXBOROUGH PRIV,"19,572.00",3.49%,140,3,2018-Nov-15
433,433,MONTREAL RD @ CARSON'S RD/CODD'S RD,"31,907.00",2.94%,638,19,2018-Nov-06
434,434,MOODIE DR @ 325 N OF CORKSTOWN RD/NORTEL S ENT,"14,700.00",3.16%,7,7,2018-Mar-28
435,435,MOODIE DR @ 340 S OF CARLING AVE/NORTEL NORTH,"11,718.00",4.60%,13,18,2018-Mar-28
436,436,MOODIE DR @ 715 S OF CARLING AVE,"15,753.00",2.91%,10,12,2018-Mar-28
437,437,MOODIE DR @ HWY 417 MOODIE IC134R63,"22,240.00",5.06%,2,7,2018-Mar-28
438,438,MOODIE DR @ WEST HUNT CLUB RD,"23,594.00",2.96%,0,0,2018-Feb-21
439,439,MORLEY BLVD @ SANFORD AVE,962,5.28%,44,26,2018-Jun-28
440,440,MOSS HILL TR @ TRAILWAY CIRC S,"1,614.00",2.44%,38,30,2018-Aug-14
441,441,MOUNTSHANNON DR @ ORISKA WAY,"3,145.00",4.01%,95,19,2018-Jul-19
442,442,MURRAY ST @ PARENT AVE,"7,899.00",2.77%,0,37,2018-Nov-27
443,443,MUSTANG ST @ NAVAN RD,"6,470.00",7.02%,1,2,2018-Jul-11
444,444,NAVAHO DR @ 265 E OF WOODROFFE AVE,"9,660.00",4.26%,0,5,2018-Dec-05
445,445,NAVAN RD @ TRIM RD,"7,053.00",5.11%,16,1,2018-Jul-25
446,446,NAVAN RD W @ MER BLEUE RD,"9,591.00",11.33%,3,4,2018-May-23
447,447,NEPEAN ST @ O'CONNOR ST,"9,733.00",3.84%,0,958,2018-Aug-29
448,448,OGILVIE RD @ 125 E OF ELMLEA GT,"17,882.00",3.56%,556,7,2018-Nov-15
449,449,OGILVIE RD @ 190 E OF ELMRIDGE DR/190 E OF JAS,"14,132.00",4.36%,431,8,2018-Feb-28
450,450,OGILVIE RD @ ELMLEA GT/SHOPPERS CITY EAST SC,"18,531.00",3.64%,954,14,2018-Nov-15
451,451,OLD COUNTRY GT @ VIEWMOUNT DR,"6,275.00",3.13%,49,99,2018-Jun-06
452,452,OLD MONTREAL RD @ MARKET ST E/PETER HARKNESS L,"2,462.00",4.06%,2,0,2018-Nov-14
453,453,OLD SECOND LINE RD @ TERRY FOX DR,"19,471.00",2.02%,67,27,2018-Apr-11
454,454,OLD TENTH LINE RD @ TENTH LINE RD,"31,613.00",2.47%,33,3,2018-Jan-25
455,455,OLD TENTH LINE RD/OR174 IC101 RAMP63 @ ST. JOS,"17,529.00",2.46%,4,4,2018-Jan-25
456,456,OR174 IC102 RAMP15 @ PLACE D'ORLEANS DR,"10,798.00",5.87%,9,1,2018-Feb-21
457,457,OR174 IC109 RAMP65 @ MONTREAL RD,"32,514.00",3.37%,202,5,2018-Feb-21
458,458,ORLEANS BLVD @ ST. JOSEPH BLVD,"31,314.00",2.65%,263,5,2018-Feb-06
459,459,ORLEANS BLVD @ ST. JOSEPH BLVD,"33,201.00",2.40%,340,5,2018-Dec-05
460,460,PALLADIUM DR @ SILVER SEVEN RD,"25,087.00",2.04%,106,2,2018-Feb-06
461,461,PARKDALE AVE @ BURNSIDE AVE,"14,105.00",1.71%,448,5,2018-Feb-22
462,462,PARKDALE AVE @ HWY 417 PARKDAL IC122R15/HWY 41,"25,010.00",2.16%,236,22,2018-Apr-05
463,463,PARKDALE AVE @ KENILWORTH ST,"13,100.00",3.50%,259,23,2018-Feb-14
464,464,PARKDALE AVE @ SHERWOOD DR,"17,257.00",2.70%,278,204,2018-Jul-05
465,465,PARKDALE AVE @ WESTMOUNT AVE/HWY 417 PARKDAL I,"26,796.00",2.21%,252,20,2018-Apr-05
466,466,PAUL ANKA DR @ WISTERIA CRES,"1,150.00",1.71%,14,8,2018-Jul-04
467,467,PAYETTE DR @ PRESTWICK DR,"3,580.00",1.97%,105,45,2018-Jul-11
468,468,PAYETTE DR @ PRESTWICK DR,"3,459.00",2.53%,150,1,2018-Mar-08
469,469,PICKFORD DR @ STURSBERG WAY,"1,542.00",3.61%,5,19,2018-Jul-05
470,470,PLEASANT PARK RD @ ALTA VISTA DR,"25,548.00",2.39%,218,33,2018-Dec-04
471,471,PORTOBELLO BLVD @ VALIN ST,"12,969.00",3.01%,378,119,2018-May-16
472,472,PRESLAND RD @ VANIER PKWY,"45,334.00",1.72%,179,103,2018-Apr-19
473,473,PRESTON ST @ PRINCE OF WALES DR/QUEEN ELIZABET,"25,048.00",1.68%,0,12,2018-Jan-10
474,474,PRESTONE DR @ ST. JOSEPH BLVD,"19,774.00",1.80%,100,7,2018-Mar-20
475,475,PRINCE OF WALES DR @ 257 S OF PRESTON ST/SIR J,"19,090.00",2.15%,25,26,2018-Feb-14
476,476,PRINCE OF WALES DR @ MERIVALE RD,"20,147.00",3.27%,0,22,2018-Jun-13
477,477,PRINCE OF WALES DR @ RIDEAU HEIGHTS LANE,"27,427.00",2.98%,6,80,2018-Jul-24
478,478,PRINCE OF WALES DR @ STRANDHERD DR,"49,543.00",3.05%,66,3,2018-Nov-21
479,479,PRINCE OF WALES DR @ WATERBRIDGE DR,"27,178.00",2.98%,7,0,2018-Dec-04
480,480,PRINCE OF WALES DR @ WEST HUNT CLUB RD,"61,069.00",3.80%,26,10,2018-Feb-07
481,481,PRINCESS LOUISE DR S @ YORK MILLS DR S,"2,636.00",4.98%,24,19,2018-Aug-14
482,482,QUEEN MARY ST @ NORTH RIVER RD,"2,663.00",4.92%,226,210,2018-Oct-04
483,483,QUEEN MARY ST @ VANIER PKWY,"47,830.00",1.87%,232,23,2018-Mar-21
484,484,RANGE RD @ SOMERSET ST,"3,292.00",2.64%,637,1231,2018-Aug-14
485,485,REGIONAL RD 174 @ EAST ST/PETER HARKNESS LANE,"17,917.00",4.18%,1,1,2018-Nov-22
486,486,RENAUD RD @ MER BLEUE RD,"6,593.00",5.24%,4,0,2018-Nov-15
487,487,RENAUD RD @ NAVAN RD,"14,217.00",8.20%,47,0,2018-Mar-08
488,488,RICHMOND RD @ 140 E OF POULIN AVE,"19,888.00",2.88%,856,39,2018-Mar-28
489,489,RICHMOND RD @ FRASER AVE,"11,879.00",2.97%,216,12,2018-Apr-04
490,490,RICHMOND RD @ HOLLY ACRES RD/NANAIMO DR,"32,376.00",3.12%,113,3,2018-Feb-21
491,491,RICHMOND RD @ HOLLY ACRES RD/NANAIMO DR,"33,648.00",2.78%,202,156,2018-May-23
492,492,RICHMOND RD @ STONEHAVEN DR,"21,020.00",1.91%,4,1,2018-Jan-31
493,493,RICHMOND RD @ WAVELL AVE,"11,733.00",3.06%,9,56,2018-Aug-09
494,494,RIDEAU VALLEY DR E @ ROGER STEVENS DR E,"9,829.00",8.70%,1,8,2018-Jun-19
495,495,RIDGECREST PL @ WILLOWDALE AVE,494,3.31%,22,17,2018-Oct-16
496,496,RIVERSIDE DR @ SAN REMO PRIV,"40,228.00",2.22%,99,13,2018-Dec-12
497,497,RIVERSIDE DR @ WALKLEY RD,"34,680.00",2.50%,50,4,2018-Feb-22
498,498,ROCKDALE RD @ RUSSELL RD,"6,353.00",5.03%,0,1,2018-Apr-26
499,499,ROSEHILL AVE @ WARMSTONE DR,"1,828.00",6.24%,48,1,2018-Jan-30
500,500,SANFORD FLEMING AVE @ TERMINAL AVE,"8,316.00",15.73%,0,31,2018-Apr-26
501,501,SIROCCO CRES E @ KITTIWAKE DR,"1,829.00",6.27%,33,0,2018-Feb-14
502,502,SMYTH RD @ RIVERSIDE HOSPITAL,"26,765.00",2.95%,158,55,2018-Nov-20
503,503,SNAKE ISLAND RD @ STAGECOACH RD,"8,222.00",10.98%,1,5,2018-Jun-19
504,504,SPRATT RD @ CANYON WALK DR/GOLDENEYE WAY,"7,564.00",3.14%,940,134,2018-Jun-19
505,505,SPRATT RD @ SHORELINE DR S,"7,526.00",2.53%,101,8,2018-Nov-07
506,506,SPRINGBROOK DR @ TRAILWAY CIRC,"2,328.00",2.39%,24,6,2018-Jul-25
507,507,ST. DENIS ST @ ST. JACQUES ST/TABOR AVE,616,3.55%,97,54,2018-Sep-06
508,508,ST. JEAN ST @ ST. JOSEPH BLVD,"22,968.00",2.00%,211,2,2018-Dec-05
509,509,ST. JOSEPH BLVD @ 193 E OF PLACE D'ORLEAN-W/PL,"18,713.00",1.38%,47,0,2018-Feb-06
510,510,ST. JOSEPH BLVD @ DUFORD DR/PLACE D'ORLEANS DR,"22,859.00",1.52%,127,1,2018-Mar-20
511,511,ST. JOSEPH BLVD @ ST. PIERRE ST,"20,656.00",1.64%,137,55,2018-Aug-02
512,512,ST. JOSEPH BLVD @ TENTH LINE RD,"29,856.00",2.43%,57,7,2018-Mar-20
513,513,ST. LAURENT BLVD @ COTE ST,"22,883.00",3.91%,135,23,2018-Mar-27
514,514,ST. LAURENT BLVD @ COTE ST,"20,397.00",5.06%,159,58,2018-Oct-16
515,515,ST. LAURENT BLVD/DUNBARTON CRT @ BRITTANY DR,"17,341.00",3.46%,299,10,2018-Mar-21
516,516,ST. LAURENT BLVD/GUY ST @ RIDEAU SS,"22,286.00",4.03%,333,16,2018-Mar-27
517,517,STEEPLE CHASE DR @ PINE HILL DR,"2,793.00",3.81%,88,4,2018-Apr-11
518,518,STITTSVILLE MAIN ST @ KIMPTON DR/HORSESHOE CRE,"4,360.00",2.97%,521,101,2018-Jun-07
519,519,STITTSVILLE MAIN ST @ MULKINS ST S/WINTERGREEN,"17,532.00",4.38%,122,1,2018-Dec-05
520,520,STITTSVILLE MAIN ST @ WEST RIDGE DR/PARADE DR,"9,652.00",7.27%,17,2,2018-Oct-10
521,521,STONEHAVEN DR @ HARNESS LANE/BLUEMEADOW WAY,"15,831.00",2.23%,116,0,2018-Jan-31
522,522,STONEHAVEN DR @ SAWYER WAY/SUMMITVIEW DR,"16,075.00",1.64%,77,0,2018-Feb-06
523,523,STRANDHERD DR @ ANDORA AVE,"19,804.00",3.58%,48,3,2018-Jan-18
524,524,STRANDHERD DR @ ANDORA AVE,"24,441.00",0.43%,34,0,2018-Jan-20
525,525,STRANDHERD DR @ ANDORA AVE,"20,216.00",4.29%,54,0,2018-Nov-28
526,526,STRANDHERD DR @ CEDARVIEW RD/TARTAN DR,"27,867.00",4.44%,0,0,2018-Jan-18
527,527,STRANDHERD DR @ CEDARVIEW RD/TARTAN DR,"32,236.00",0.62%,0,0,2018-Jan-20
528,528,STRANDHERD DR @ TARTAN DR,"27,867.00",4.44%,0,0,2018-Jan-18
529,529,STRANDHERD DR @ TARTAN DR,"32,236.00",0.62%,0,0,2018-Jan-20
530,530,SUSSEX DR @ YORK ST,"16,995.00",2.04%,0,130,2018-Mar-28
531,531,TENTH LINE RD @ CHARLEMAGNE BLVD N/TOMPKINS AV,"37,633.00",2.58%,134,2,2018-Jan-25
532,532,TENTH LINE RD @ LAKEPOINTE DR,"22,758.00",2.30%,128,6,2018-Apr-19
533,533,TENTH LINE RD @ VANGUARD DR,"26,165.00",2.28%,90,4,2018-Apr-19
534,534,TERRY FOX DR @ FERNBANK RD,"21,924.00",4.65%,101,0,2018-Feb-06
535,535,TERRY FOX DR @ FERNBANK RD,"21,100.00",4.71%,159,3,2018-Apr-11
536,536,TERRY FOX DR @ TRANS CANADA TRAIL,"20,152.00",3.23%,20,9,2018-Feb-28
537,537,TERRY FOX DR @ WESTPHALIAN AVE,"22,014.00",4.10%,5,3,2018-Jan-25
538,538,THOMAS ST @ ALEXANDER ST,610,10.75%,94,12,2018-Oct-16
539,539,TRIM RD @ 150 S OF INNES RD,"17,706.00",4.69%,26,11,2018-Dec-18
540,540,VALOUR DR @ SMYTH RD,"26,722.00",2.94%,78,6,2018-Nov-20
541,541,VANIER PKWY/CRICHTON ST @ BEECHWOOD AVE/ST. PA,"44,088.00",2.52%,740,57,2018-Jan-11
542,542,VARENNES BLVD @ CORSHAM AVE/LAUNAY AVE,"4,357.00",2.93%,83,6,2018-Oct-16
543,543,VIEWMOUNT DR @ 140 W OF CHESTERTON,"6,458.00",5.13%,79,6,2018-Jan-24
544,544,WEST HUNT CLUB RD @ 545 E OF ROYDON PL/SUNDERLAND ST,"32,647.00",4.40%,21,0,2018-Feb-07
545,545,WEST HUNT CLUB RD @ ROYDON PL/SUNDERLAND ST,"35,198.00",4.77%,63,1,2018-Feb-07
546,546,WESTERN AVE @ WELLINGTON ST,"10,017.00",4.61%,833,52,2018-Feb-22
547,547,WHITE ALDER AVE @ SPARTINA ST,844,0.78%,81,41,2018-Jul-10
548,548,WOODRIDGE CRES @ 220 W OF BAYSHORE DR/BAYSHORE,"7,125.00",6.29%,565,5,2018-Mar-28
549,549,WOODRIDGE CRES @ BAYSHORE PS,"3,323.00",7.23%,237,4,2018-Mar-28
550,550,WOODROFFE AVE @ CRESTHAVEN DR/PAUL METIVIER,"8,153.00",3.22%,179,78,2018-Jun-19
551,551,WOODROFFE AVE @ KNOXDALE RD/MEDHURST DR,"48,260.00",3.69%,678,3,2018-Jan-16
552,552,WOODROFFE AVE @ SPORTSPLEX N,"28,567.00",4.18%,132,72,2018-Oct-23
553,553,WOODROFFE AVE @ TECUMSEH ST,"42,874.00",2.10%,21,0,2018-Dec-19
